"Spanish";"Danish";"Icelandic";"Estonian";"Finnish";"Norwegian";"Czech";"Romanian";"Albanian";"English";"French";"German";"Portuguese";"Polish";"Latvian";"Dutch";"Lithuanian";"Swedish";"Italian";"Croatian"
"En el principio creó Dios los cielos y la tierra.
";"I Begyndelsen skabte Gud Himmelen og Jorden.
";"Í upphafi skapaði Guð himin og jörð.
";"Alguses lõi Jumal taevad ja maa.
";"Alussa loi Jumala taivaan ja maan.
";"I begynnelsen skapte Gud himmelen og jorden. 
";"Na počátku stvořil Bůh nebe a zemi.
";"La început, Dumnezeu a făcut cerurile şi pămîntul.
";"Në fillim Perëndia krijoi qiejt dhe tokën.
";"In the beginning God created the heaven and the earth.
";"Au commencement DIEU créa les cieux et la terre.
";"Am Anfang schuf Gott Himmel und Erde.
";"No princípio criou Deus os céus e a terra.
";"Na początku stworzył Bóg niebo i ziemię.
";"Iesākumā Dievs radīja debesis un zemi.
";"In den beginne schiep God den hemel en de aarde.
";"Pradžioje Dievas sutvėrė dangų ir žemę.
";"I begynnelsen skapade Gud himmel och jord.
";"Nel principio Iddio creò i cieli e la terra.
";"U pocetku stvori Bog nebo i zemlju.
"
"Y la tierra estaba desordenada y vacía, y las tinieblas estaban sobre la faz del abismo, y el espíritu de Dios se movía sobre la faz de las aguas.
";"Og Jorden var øde og tom, og der var Mørke over Verdensdybet. Men Guds Aand svævede over Vandene.
";"Jörðin var þá auð og tóm. Myrkur grúfði yfir djúpinu en andi Guðs sveif yfir vötnunum.
";"Ja maa oli tühi ja paljas ja pimedus oli sügavuse peal ja Jumala Vaim hõljus vete kohal.
";"Ja maa oli autio ja tyhjä, ja pimeys oli syvyyden päällä, ja Jumalan Henki liikkui vetten päällä.
";"Og jorden var øde og tom, og det var mørke over det store dyp, og Guds Ånd svevde over vannene. 
";"Země pak byla nesličná a pustá, a tma byla nad propastí, a Duch Boží vznášel se nad vodami.
";"Pămîntul era pustiu şi gol; peste faţa adîncului de ape era întunerec, şi Duhul lui Dumnezeu se mişca pe deasupra apelor.
";"Toka ishte pa trajtë, e zbrazët dhe errësira mbulonte sipërfaqen e humnerës; dhe Fryma e Perëndisë fluturonte mbi sipërfaqen e ujërave.
";"And the earth was without form, and void; and darkness was upon the face of the deep. And the Spirit of God moved upon the face of the waters.
";"Et la terre était sans forme, et vide, et les ténèbres étaient sur la face de l'abîme; et l'Esprit de Dieu se mouvait sur le dessus des eaux.
";"Und die Erde war wüst und leer, und es war finster auf der Tiefe; und der Geist Gottes schwebte auf dem Wasser.
";"A terra era sem forma e vazia; e havia trevas sobre a face do abismo, mas o Espírito de Deus pairava sobre a face das águas.
";"A ziemia była niekształtowna i próżna, i ciemność była nad przepaścią, a Duch Boży unaszał się nad wodami.
";"Bet zeme bija neiztaisīta un tukša, un tumsa bija pār dziļumiem, un Dieva Gars lidinājās pār ūdeņiem.
";"De aarde nu was woest en ledig, en duisternis was op den afgrond; en de Geest Gods zweefde op de wateren.
";"Žemė buvo be pavidalo ir tuščia, tamsa gaubė gelmes, ir Dievo Dvasia sklandė virš vandenų.
";"Och jorden var öde och tom, och mörker var över djupet, och Guds Ande svävade över vattnet.
";"E la terra era informe e vuota, e le tenebre coprivano la faccia dell’abisso, e lo spirito di Dio aleggiava sulla superficie delle acque.
";"Zemlja bijase pusta i prazna; tama se prostirala nad bezdanom i Duh Bozji lebdio je nad vodama.
"
"Y dijo Dios: Sea la luz; y fue la luz.
";"Og Gud sagde: »Der blive Lys!« Og der blev Lys.
";"Þá sagði Guð: „Verði ljós.“ Og það varð ljós.
";"Ja Jumal ütles: „Saagu valgus!” Ja valgus sai.
";"Ja Jumala sanoi: ""Tulkoon valkeus"". Ja valkeus tuli.
";"Da sa Gud: Det bli lys! Og det blev lys. 
";"I řekl Bůh: Buď světlo! I bylo světlo.
";"Dumnezeu a zis: ,,Să fie lumină! Şi a fost lumină.
";"Pastaj Perëndia tha: ""U bëftë drita!"". Dhe drita u bë.
";"And God said, Let there be light: and there was light.
";"Et Dieu dit : Que la lumière soit; et la lumière fut.
";"Und Gott sprach: Es werde Licht! und es ward Licht.
";"Disse Deus: haja luz. E houve luz.
";"I rzekł Bóg: Niech będzie światłość; i stała się światłość.
";"Un Dievs sacīja: ""Lai top gaisma."" Un gaisma tapa.
";"En God zeide: Daar zij licht! en daar werd licht.
";"Dievas tarė: “Teatsiranda šviesa!” Ir atsirado šviesa.
";"Och Gud sade: »Varde ljus»; och det vart ljus.
";"E Dio disse: ""Sia la luce!"" E la luce fu.
";"I rece Bog: ""Neka bude svjetlost!"" I bi svjetlost.
"
"Y vio Dios que la luz era buena; y apartó Dios a la luz de las tinieblas.
";"Og Gud saa, at Lyset var godt, og Gud satte Skel mellem Lyset og Mørket,
";"Guð sá að ljósið var gott og Guð greindi ljósið frá myrkrinu.
";"Ja Jumal nägi, et valgus oli hea, ja Jumal lahutas valguse pimedusest.
";"Ja Jumala näki, että valkeus oli hyvä; ja Jumala erotti valkeuden pimeydestä.
";"Og Gud så at lyset var godt, og Gud skilte lyset fra mørket. 
";"A viděl Bůh světlo, že bylo dobré; i oddělil Bůh světlo od tmy.
";"Dumnezeu a văzut că lumina era bună; şi Dumnezeu a despărţit lumina de întunerec.
";"Dhe Perëndia pa që drita ishte e mirë; dhe Perëndia e ndau dritën nga errësira.
";"And God saw the light, that it was good: and God divided the light from the darkness.
";"Et Dieu vit que la lumière était bonne; et Dieu sépara la lumière des ténèbres.
";"Und Gott sah, daß das Licht gut war. Da schied Gott das Licht von der Finsternis
";"Viu Deus que a luz era boa; e fez separação entre a luz e as trevas.
";"I widział Bóg światłość, że była dobra; i uczynił Bóg rozdział między światłością i między ciemnością.
";"Un Dievs redzēja gaismu labu esam, un Dievs šķīra gaismu no tumsas.
";"En God zag het licht, dat het goed was; en God maakte scheiding tussen het licht en tussen de duisternis.
";"Dievas matė šviesą ir, kad tai buvo gerai, ir Dievas atskyrė šviesą nuo tamsos.
";"Och Gud såg att ljuset var gott; och Gud skilde ljuset från mörkret.
";"E Dio vide che la luce era buona; e Dio separò la luce dalle tenebre.
";"I vidje Bog da je svjetlost dobra; i rastavi Bog svjetlost od tame.
"
"Y llamó Dios a la luz Día, y a las tinieblas llamó Noche; y fue la tarde y la mañana un día.
";"og Gud kaldte Lyset Dag, og Mørket kaldte han Nat. Og det blev Aften, og det blev Morgen, første Dag.
";"Guð nefndi ljósið dag en myrkrið nótt. Það varð kvöld og það varð morgunn, hinn fyrsti dagur.
";"Ja Jumal nimetas valguse päevaks ja pimeduse ta nimetas ööks. Siis sai õhtu ja sai hommik, — esimene päev.
";"Ja Jumala kutsui valkeuden päiväksi, ja pimeyden hän kutsui yöksi. Ja tuli ehtoo, ja tuli aamu, ensimmäinen päivä.
";"Og Gud kalte lyset dag, og mørket kalte han natt. Og det blev aften, og det blev morgen, første dag. 
";"A nazval Bůh světlo dnem, a tmu nazval nocí. I byl večer a bylo jitro, den první.
";"Dumnezeu a numit lumina zi, iar întunerecul l -a numit noapte. Astfel, a fost o seară, şi apoi a fost o dimineaţă: aceasta a fost ziua întîi.
";"Dhe Perëndia e quajti dritën ""ditë"" dhe errësirën ""natë"". Kështu erdhi mbrëmja e pastaj erdhi mëngjesi: dita e parë.
";"And God called the light Day, and the darkness he called Night. And the evening and the morning were the first day.
";"Et Dieu nomma la lumière, jour; et les ténèbres, nuit. Ainsi fut le soir, ainsi fut le matin; ce fut le premier jour.
";"und nannte das Licht Tag und die Finsternis Nacht. Da ward aus Abend und Morgen der erste Tag.
";"E Deus chamou à luz dia, e às trevas noite. E foi a tarde e a manhã, o dia primeiro.
";"I nazwał Bóg światłość dniem a ciemność nazwał nocą; i stał się wieczór, i stał się zaranek, dzień pierwszy.
";"Un Dievs nosauca gaismu: diena, - un tumsu nosauca: nakts. Un tapa vakars un tapa rīts - viena diena.
";"En God noemde het licht dag, en de duisternis noemde Hij nacht. Toen was het avond geweest, en het was morgen geweest, de eerste dag.
";"Dievas pavadino šviesą diena, o tamsą naktimi. Tai buvo vakaras ir rytas­ pirmoji diena.
";"Och Gud kallade ljuset dag, och mörkret kallade han natt. Och det vart afton, och det vart morgon, den första dagen.
";"E Dio chiamò la luce ""giorno"", e le tenebre ""notte"". Così fu sera, poi fu mattina: e fu il primo giorno.
";"Svjetlost prozva Bog dan, a tamu prozva noc. Tako bude vecer, pa jutro - dan prvi.
"
"Y dijo Dios: Sea un extendimiento en medio de las aguas, y haya apartamiento entre aguas y aguas.
";"Derpaa sagde Gud: »Der blive en Hvælving midt i Vandene til at skille Vandene ad!«
";"Þá sagði Guð: „Verði festing milli vatnanna og hún greini vötn frá vötnum.“
";"Ja Jumal ütles: „Saagu laotus vete vahele ja see lahutagu veed vetest!”
";"Ja Jumala sanoi: ""Tulkoon taivaanvahvuus vetten välille erottamaan vedet vesistä"".
";"Og Gud sa: Det bli en hvelving midt i vannene, og den skal skille vann fra vann. 
";"Řekl také Bůh: Buď obloha u prostřed vod, a děl vody od vod!
";"Dumnezeu a zis: ,,Să fie o întindere între ape, şi ea să despartă apele de ape.
";"Pastaj Perëndia tha: ""Le të jetë një kupë qiellore mes ujërave, që t'i ndajë ujërat nga ujërat"".
";"And God said, Let there be a firmament in the midst of the waters, and let it divide the waters from the waters.
";"Puis Dieu dit : Qu'il y ait une étendue entre les eaux, et qu'elle sépare les eaux d'avec les eaux.
";"Und Gott sprach: Es werde eine Feste zwischen den Wassern, und die sei ein Unterschied zwischen den Wassern.
";"E disse Deus: haja um firmamento no meio das águas, e haja separação entre águas e águas.
";"Potem rzekł Bóg: Niech będzie rozpostarcie, w pośrodku wód, a niech dzieli wody od wód.
";"Tad Dievs sacīja: ""Lai top velve ūdeņu vidū, kas lai šķir ūdeņus no ūdeņiem.""
";"En God zeide: Daar zij een uitspansel in het midden der wateren; en dat make scheiding tussen wateren en wateren!
";"Dievas tarė: “Teatsiranda tvirtuma tarp vandenų, ir ji teatskiria vandenis nuo vandenų!”
";"Och Gud sade: »Varde mitt i vattnet ett fäste som skiljer vatten från vatten.»
";"Poi Dio disse: ""Ci sia una distesa tra le acque, che separi le acque dalle acque"".
";"I rece Bog: ""Neka bude svod posred voda da dijeli vode od voda!"" I bi tako.
"
"E hizo Dios un extendimiento, y apartó las aguas que estaban debajo del extendimiento, de las aguas que estaban sobre el extendimiento; y fue así.
";"Og saaledes skete det: Gud gjorde Hvælvingen og skilte Vandet under Hvælvingen fra Vandet over Hvælvingen;
";"Þá gerði Guð festinguna. Skildi hún milli vatnanna sem voru undir festingunni og vatnanna sem voru yfir festingunni. Og það varð svo.
";"Ja nõnda sündis: Jumal tegi laotuse ja lahutas veed, mis laotuse all, vetest, mis laotuse peal olid.
";"Ja Jumala teki taivaanvahvuuden ja erotti vedet, jotka olivat taivaanvahvuuden alla, vesistä, jotka olivat taivaanvahvuuden päällä; ja tapahtui niin.
";"Og Gud gjorde hvelvingen og skilte vannet som er under hvelvingen, fra vannet som er over hvelvingen. Og det blev så. 
";"I učinil Bůh tu oblohu, a oddělil vody, kteréž jsou pod oblohou, od vod, kteréž jsou nad oblohou. A stalo se tak.
";"Şi Dumnezeu a făcut întinderea, şi ea a despărţit apele cari sînt dedesuptul întinderii de apele cari sînt deasupra întinderii. Şi aşa a fost.
";"Dhe Perëndia krijoi kupën qiellore dhe ndau ujërat që ishin poshtë saj nga ujërat që ishin sipër saj. Dhe kështu u bë.
";"And God made the firmament, and divided the waters which were under the firmament from the waters which were above the firmament: and it was so.
";"Dieu donc fit l'étendue, et il sépara les eaux qui sont au-dessous de l'étendue, d'avec celles qui sont au-dessus de l'étendue, et il fut ainsi.
";"Da machte Gott die Feste und schied das Wasser unter der Feste von dem Wasser über der Feste. Und es geschah also.
";"Fez, pois, Deus o firmamento, e separou as águas que estavam debaixo do firmamento das que estavam por cima do firmamento. E assim foi.
";"I uczynił Bóg rozpostarcie; uczynił też rozdział między wodami, które są pod rozpostarciem; i między wodami, które są nad rozpostarciem; i stało się tak.
";"Un Dievs radīja velvi un šķīra ūdeņus, kas zem velves, no ūdeņiem virs velves. Un tā tapa.
";"En God maakte dat uitspansel, en maakte scheiding tussen de wateren, die onder het uitspansel zijn, en tussen de wateren, die boven het uitspansel zijn. En het was alzo.
";"Dievas padarė tvirtumą ir atskyrė vandenis, kurie buvo po tvirtuma, nuo vandenų, kurie buvo virš tvirtumos. Ir taip įvyko.
";"Och Gud gjorde fästet, och skilde vattnet under fästet från vattnet ovan fästet; och det skedde så.
";"E Dio fece la distesa e separò le acque ch’erano sotto la distesa, dalle acque ch’erano sopra la distesa. E così fu.
";"Bog nacini svod i vode pod svodom odijeli od voda nad svodom.
"
"Y llamó Dios al extendimiento Cielos; y fue la tarde y la mañana el día segundo.
";"og Gud kaldte Hvælvingen Himmel. Og det blev Aften, og det blev Morgen, anden Dag.
";"Og Guð nefndi festinguna himin. Það varð kvöld og það varð morgunn, hinn annar dagur.
";"Ja Jumal nimetas laotuse taevaks. Siis sai õhtu ja sai hommik, — teine päev.
";"Ja Jumala kutsui vahvuuden taivaaksi. Ja tuli ehtoo, ja tuli aamu, toinen päivä.
";"Og Gud kalte hvelvingen himmel. Og det blev aften, og det blev morgen, annen dag. 
";"I nazval Bůh oblohu nebem. I byl večer a bylo jitro, den druhý.
";"Dumnezeu a numit întinderea cer. Astfel, a fost o seară, şi apoi a fost o dimineaţă: aceasta a fost ziua a doua.
";"Dhe Perëndia e quajti kupën qiellore ""qiell"". Kështu erdhi mbrëmja, pastaj erdhi mëngjesi: dita e dytë.
";"And God called the firmament Heaven. And the evening and the morning were the second day.
";"Et Dieu nomma l'étendue, cieux. Ainsi fut le soir, ainsi fut le matin; ce fut le second jour.
";"Und Gott nannte die Feste Himmel. Da ward aus Abend und Morgen der andere Tag.
";"Chamou Deus ao firmamento céu. E foi a tarde e a manhã, o dia segundo.
";"I nazwał Bóg rozpostarcie niebem. I stał się wieczór, i stał się zaranek, dzień wtóry.
";"Un Dievs nosauca velvi: debesis. Un tapa vakars un tapa rīts - otra diena.
";"En God noemde het uitspansel hemel. Toen was het avond geweest, en het was morgen geweest, de tweede dag.
";"Dievas pavadino tvirtumą dangumi. Tai buvo vakaras ir rytas­antroji diena.
";"Och Gud kallade fästet himmel. Och det vart afton, och det vart morgon, den andra dagen.
";"E Dio chiamò la distesa ""cielo"". Così fu sera, poi fu mattina: e fu il secondo giorno.
";"A svod prozva Bog nebo. Tako bude vecer, pa jutro - dan drugi.
"
"Y dijo Dios: Júntense las aguas que están debajo de los cielos en un lugar, y descúbrase lo seco; y fue así.
";"Derpaa sagde Gud: »Vandet under Himmelen samle sig paa eet Sted, saa det faste Land kommer til Syne!« Og saaledes skete det;
";"Þá sagði Guð: „Vötnin undir himninum safnist saman í einn stað og þurrlendið komi í ljós.“ Og það varð svo.
";"Ja Jumal ütles: „Veed kogunegu taeva all ühte paika, et kuiva näha oleks!” Ja nõnda sündis.
";"Ja Jumala sanoi: ""Kokoontukoot vedet, jotka ovat taivaan alla, yhteen paikkaan, niin että kuiva tulee näkyviin"". Ja tapahtui niin.
";"Og Gud sa: Vannet under himmelen samle sig til ett sted, og det blev så. 
";"Řekl také Bůh: Shromažďte se vody, kteréž jsou pod nebem, v místo jedno, a ukaž se místo suché! A stalo se tak.
";"Dumnezeu a zis: ,,Să se strîngă la un loc apele cari sînt dedesuptul cerului, şi să se arate uscatul! Şi aşa a fost.
";"Pastaj Perëndia tha: ""Ujërat që janë nën qiellin të grumbullohen në një vend të vetëm dhe të shfaqet tera"". Dhe kështu u bë.
";"And God said, Let the waters under the heaven be gathered together unto one place, and let the dry land appear: and it was so.
";"Puis Dieu dit : Que les eaux qui sont au-dessous des cieux soient rassemblées en un lieu, et que le sec paraisse; et il fut ainsi.
";"Und Gott sprach: Es sammle sich das Wasser unter dem Himmel an besondere Örter, daß man das Trockene sehe. Und es geschah also.
";"E disse Deus: Ajuntem-se num só lugar as águas que estão debaixo do céu, e apareça o elemento seco. E assim foi.
";"I rzekł Bóg: Niech się zbiorą wody, które są pod niebem, na jedno miejsce, a niech się okaże miejsce suche; i stało się tak.
";"Tad Dievs sacīja: ""Lai saplūst vienkopus ūdeņi, kas zem debesīm, ka sausums taptu redzams."" Un tā tapa.
";"En God zeide: Dat de wateren van onder den hemel in een plaats vergaderd worden, en dat het droge gezien worde! En het was alzo.
";"Dievas tarė: “Tesusirenka vandenys, kurie yra po dangumi, į vieną vietą ir tepasirodo sausuma!” Ir taip įvyko.
";"Och Gud sade: »Samle sig det vatten som är under himmelen till en särskild plats, så att det torra bliver synligt.» Och det skedde så.
";"Poi Dio disse: ""Le acque che son sotto il cielo siano raccolte in un unico luogo, e apparisca l’asciutto"". E così fu.
";"I rece Bog: ""Vode pod nebom neka se skupe na jedno mjesto i neka se pokaze kopno!"" I bi tako.
"
"Y llamó Dios a lo seco Tierra, y al ayuntamiento de las aguas llamó Mares; y vio Dios que era bueno.
";"0og Gud kaldte det faste Land Jord, og Stedet, hvor Vandet samlede sig, kaldte han Hav. Og Gud saa, at det var godt.
";"Guð nefndi þurrlendið jörð og safn vatnanna nefndi hann haf. Og Guð sá að það var gott.
";"Ja Jumal nimetas kuiva pinna maaks ja veekogu Ta nimetas mereks. Ja Jumal nägi, et see hea oli.
";"Ja Jumala kutsui kuivan maaksi, ja paikan, mihin vedet olivat kokoontuneet, hän kutsui mereksi. Ja Jumala näki, että se oli hyvä.
";"Og Gud kalte det tørre land jord, og vannet som hadde samlet sig, kalte han hav. Og Gud så at det var godt. 
";"I nazval Bůh místo suché zemí, shromáždění pak vod nazval mořem. A viděl Bůh, že to bylo dobré.
";"Dumnezeu a numit uscatul pămînt, iar grămada de ape a numit -o mări. Dumnezeu a văzut că lucrul acesta era bun.
";"Dhe Perëndia e quajti terën ""tokë"" dhe grumbullimin e ujërave ""detë"". Dhe Perëndia pa që kjo ishte mirë.
";"And God called the dry land Earth; and the gathering together of the waters called he Seas: and God saw that it was good.
";"Et Dieu nomma le sec, terre; et il nomma l'amas des eaux, mers; et Dieu vit que cela était bon.
";"Und Gott nannte das Trockene Erde, und die Sammlung der Wasser nannte er Meer. Und Gott sah, daß es gut war.
";"Chamou Deus ao elemento seco terra, e ao ajuntamento das águas mares. E viu Deus que isso era bom.
";"I nazwał Bóg suche miejsce ziemią, a zebranie wód nazwał morzem.
";"Un Dievs nosauca sausumu: zeme, - bet ūdeņu krājumu nosauca: jūras. Un Dievs redzēja to labu esam.
";"En God noemde het droge aarde, en de vergadering der wateren noemde Hij zeeën; en God zag, dat het goed was.
";"Dievas pavadino sausumą žeme, o vandenų samplūdį­jūromis. Ir Dievas matė, kad tai buvo gerai.
";"Och Gud kallade det torra jord, och vattensamlingen kallade han hav. Och Gud såg att det var gott.
";"E Dio chiamò l’asciutto ""terra"", e chiamò la raccolta delle acque ""mari"". E Dio vide che questo era buono.
";"Kopno prozva Bog zemlja, a skupljene vode mora. I vidje Bog da je dobro.
"
"Y dijo Dios: Produzca la tierra hierba verde, hierba que haga simiente; árbol de fruto que haga fruto según su naturaleza, que su simiente esté en él sobre la tierra; y fue así.
";"Derpaa sagde Gud: »Jorden lade fremspire grønne Urter, der bærer Frø, og Frugttræer, der bærer Frugt med Kærne, paa Jorden!« Og saaledes skete det:
";"Þá sagði Guð: „Jörðin láti gróður af sér spretta, sáðjurtir og aldintré af öllum tegundum jarðar sem bera ávöxt með sæði.“ Og það varð svo.
";"Ja Jumal ütles: „Maast tärgaku haljas rohi, seemet kandvad taimed, viljapuud, mille viljas nende seeme on, nende liikide järgi maa peale!” Ja nõnda sündis:
";"Ja Jumala sanoi: ""Kasvakoon maa vihantaa, ruohoja, jotka tekevät siementä, ja hedelmäpuita, jotka lajiensa mukaan kantavat maan päällä hedelmää, jossa niiden siemen on"". Ja tapahtui niin:
";"Og Gud sa: Jorden bære frem gress, urter som sår sig, frukttrær som bærer frukt med deres frø i, på jorden, hvert efter sitt slag. Og det blev så. 
";"Potom řekl Bůh: Zploď země trávu, a bylinu vydávající símě, a strom plodný, nesoucí ovoce podlé pokolení svého, v němž by bylo símě jeho na zemi. A stalo se tak.
";"Apoi Dumnezeu a zis: ,,Să dea pămîntul verdeaţă, iarbă cu sămînţă, pomi roditori, cari să facă rod după soiul lor şi cari să aibă în ei sămînţa lor pe pămînt. Şi aşa a fost.
";"Pastaj Perëndia tha: ""Të mbijë toka gjelbërimin, barërat të nxjerrin farë dhe drurët frutore të japin në tokë një frut që të përmbajë farën e tij, secili simbas llojit të tij"". Dhe kështu u bë.
";"And God said, Let the earth bring forth grass, the herb yielding seed, and the fruit tree yielding fruit after his kind, whose seed is in itself, upon the earth: and it was so.
";"Puis Dieu dit : Que la terre pousse son jet, de l'herbe portant de la semence, et des arbres fruitiers, portant du fruit selon leur espèce, qui aient leur semence en eux-mêmes sur la terre; et il fut ainsi.
";"Und Gott sprach: Es lasse die Erde aufgehen Gras und Kraut, das sich besame, und fruchtbare Bäume, da ein jeglicher nach seiner Art Frucht trage und habe seinen eigenen Samen bei sich selbst auf Erden. Und es geschah also.
";"E disse Deus: Produza a terra relva, ervas que dêem semente, e árvores frutíferas que, segundo as suas espécies, dêem fruto que tenha em si a sua semente, sobre a terra. E assim foi.
";"I widział Bóg, że to było dobre. Potem rzekł Bóg: Niech zrodzi ziemia trawę, ziele, wydawające nasienie, i drzewo rodzajne, czyniące owoc, według rodzaju swego, którego by nasienie było w nim na ziemi; i stało się tak.
";"Tad Dievs sacīja: ""Lai zeme izdod zāli un augus, kas sēklu nes, un augļu kokus, kas augļus nes, pēc savas kārtas, kam sēkla sevī, virs zemes."" Un tā tapa.
";"En God zeide: Dat de aarde uitschiete grasscheutjes, kruid zaadzaaiende, vruchtbaar geboomte, dragende vrucht naar zijn aard, welks zaad daarin zij op de aarde! En het was alzo.
";"Dievas tarė: “Tegul žemė išaugina žolę, augalus, duodančius sėklą, ir vaismedžius, nešančius vaisių pagal jų rūšį, kuriuose yra jų sėkla!” Ir taip įvyko.
";"Och Gud sade: »Frambringe jorden grönska, fröbärande örter och fruktträd, som efter sina arter bära frukt, vari de hava sitt frö, på jorden.» Och det skedde så;
";"Poi Dio disse: ""Produca la terra della verdura, dell’erbe che faccian seme e degli alberi fruttiferi che, secondo la loro specie, portino del frutto avente in sé la propria semenza, sulla terra"". E così fu.
";"I rece Bog: ""Neka proklija zemlja zelenilom - travom sjemenitom, stablima plodonosnim, koja, svako prema svojoj vrsti, na zemlji donose plod sto u sebi nosi svoje sjeme. I bi tako.
"
"Y produjo la tierra hierba verde, hierba que hace simiente según su naturaleza, y árbol que hace fruto, cuya simiente está en él según su naturaleza; y vio Dios que era bueno.
";"Jorden frembragte grønne Urter, der bar Frø, efter deres Arter, og Træer, der bar Frugt med Kærne, efter deres Arter. Og Gud saa, at det var godt.
";"Jörðin lét gróður af sér spretta, alls kyns sáðjurtir og aldintré af öllum tegundum sem bera ávöxt með fræi. Og Guð sá að það var gott.
";"maa laskis võrsuda haljast rohtu, seemet kandvaid taimi nende liikide järgi, ja viljapuid, mille viljas nende seeme on, nende liikide järgi. Ja Jumal nägi, et see hea oli.
";"maa tuotti vihantaa, ruohoja, jotka tekivät siementä lajiensa mukaan, ja puita, jotka lajiensa mukaan kantoivat hedelmää, jossa niiden siemen oli. Ja Jumala näki, että se oli hyvä.
";"Og jorden bar frem gress, urter som sår sig, hver efter sitt slag, og trær som bærer frukt med deres frø i, hvert efter sitt slag. Og Gud så at det var godt. 
";"Nebo země vydala trávu, a bylinu nesoucí semeno podlé pokolení svého, i strom přinášející ovoce, v němž bylo símě jeho, podlé pokolení jeho. A viděl Bůh, že to bylo dobré.
";"Pămîntul a dat verdeaţă, iarbă cu sămînţă după soiul ei, şi pomi cari fac rod şi cari îşi au sămînţa în ei, după soiul lor. Dumnezeu a văzut că lucrul acesta era bun.
";"Dhe toka prodhoi gjelbërim, barëra që e bënin farën simbas llojit të tyre dhe drurë që mbanin fruta me farën e tyre brenda, secili simbas llojit të vet. Dhe Perëndia e pa se kjo ishte mirë.
";"And the earth brought forth grass, and herb yielding seed after his kind, and the tree yielding fruit, whose seed was in itself, after his kind: and God saw that it was good.
";"La terre donc produisit son jet, savoir de l'herbe portant de la semence selon son espèce; et des arbres portant du fruit, qui avaient leur semence en eux-mêmes, selon leur espèce; et Dieu vit que cela était bon.
";"Und die Erde ließ aufgehen Gras und Kraut, das sich besamte, ein jegliches nach seiner Art, und Bäume, die da Frucht trugen und ihren eigenen Samen bei sich selbst hatten, ein jeglicher nach seiner Art. Und Gott sah, daß es gut war.
";"A terra, pois, produziu relva, ervas que davam semente segundo as suas espécies, e árvores que davam fruto que tinha em si a sua semente, segundo as suas espécies. E viu Deus que isso era bom.
";"I zrodziła ziemia trawę, ziele wydawające nasienie, według rodzaju swego, i drzewo czyniące owoc, w którym nasienie jego, według rodzaju swego; i widział Bóg, że to było dobre.
";"Un zeme izdeva zāli un augus, kas savu sēklu nes, pēc savas kārtas, un kokus, kas augļus nes, kam sēkla sevī, pēc savas kārtas. Un Dievs redzēja to labu esam.
";"En de aarde bracht voort grasscheutjes, kruid zaadzaaiende naar zijn aard, en vruchtdragend geboomte, welks zaad daarin was, naar zijn aard. En God zag, dat het goed was.
";"Žemė išaugino žolę, augalus, duodančius sėklą pagal jų rūšį, ir medžius, nešančius vaisius pagal jų rūšį, kuriuose yra jų sėkla. Ir Dievas matė, kad tai buvo gerai.
";"jorden frambragte grönska, fröbärande örter, efter deras arter, och träd som efter sina arter buro frukt, vari de hade sitt frö. Och Gud såg att det var gott.
";"E la terra produsse della verdura, dell’erbe che facevan seme secondo la loro specie, e degli alberi che portavano del frutto avente in sé la propria semenza, secondo la loro specie. E Dio vide che questo era buono.
";"I nikne iz zemlje zelena trava sto se sjemeni, svaka prema svojoj vrsti, i stabla koja rode plodovima sto u sebi nose svoje sjeme, svako prema svojoj vrsti. I vidje Bog da je dobro.
"
"Y fue la tarde y la mañana el día tercero.
";"Og det blev Aften, og det blev Morgen, tredje Dag.
";"Það varð kvöld og það varð morgunn, hinn þriðji dagur.
";"Siis sai õhtu ja sai hommik, — kolmas päev.
";"Ja tuli ehtoo, ja tuli aamu, kolmas päivä.
";"Og det blev aften, og det blev morgen, tredje dag. 
";"I byl večer a bylo jitro, den třetí.
";"Astfel, a fost o seară, şi apoi a fost o dimineaţă: aceasta a fost ziua a treia.
";"Kështu erdhi mbrëmja, pastaj erdhi mëngjesi; dita e tretë.
";"And the evening and the morning were the third day.
";"Ainsi fut le soir, ainsi fut le matin; ce fut le troisième jour.
";"Da ward aus Abend und Morgen der dritte Tag.
";"E foi a tarde e a manhã, o dia terceiro.
";"I stał się wieczór, i stał się zaranek, dzień trzeci.
";"Un tapa vakars un tapa rīts - trešā diena.
";"Toen was het avond geweest, en het was morgen geweest, de derde dag.
";"Tai buvo vakaras ir rytas­ trečioji diena.
";"Och det vart afton, och det vart morgon, den tredje dagen.
";"Così fu sera, poi fu mattina: e fu il terzo giorno.
";"Tako bude vecer, pa jutro - dan treci.
"
"Y dijo Dios: Sean luminarias en el extendimiento de los cielos para apartar el día y la noche; y sean por señales, y por tiempos determinados, y por días y años;
";"Derpaa sagde Gud: »Der komme Lys paa Himmelhvælvingen til at skille Dag fra Nat, og de skal være til Tegn og til Fastsættelse af Højtider, Dage og Aar
";"Þá sagði Guð: „Verði ljós á hvelfingu himins til þess að greina dag frá nóttu. Þau skulu vera tákn til þess að marka tíðir, daga og ár
";"Ja Jumal ütles: „Saagu valgused taevalaotusse eraldama päeva ööst! Tähistagu need seatud aegu, päevi ja aastaid,
";"Ja Jumala sanoi: ""Tulkoot valot taivaanvahvuuteen erottamaan päivää yöstä, ja olkoot ne merkkeinä osoittamassa aikoja, päiviä ja vuosia,
";"Og Gud sa: Det bli lys på himmelhvelvingen til å skille dagen fra natten! Og de skal være til tegn og fastsatte tider og dager og år. 
";"Opět řekl Bůh: Buďte světla na obloze nebeské, aby oddělovala den od noci, a byla na znamení a rozměření časů, dnů a let.
";"Dumnezeu a zis: ,,Să fie nişte luminători în întinderea cerului, ca să despartă ziua de noapte; ei să fie nişte semne cari să arate vremile, zilele şi anii;
";"Pastaj Perëndia tha: ""Të ketë ndriçues në kupën qiellore për të ndarë ditën nga nata; dhe të shërbejnë si shenja, për të dalluar stinët, ditët dhe vitet;
";"And God said, Let there be lights in the firmament of the heaven to divide the day from the night; and let them be for signs, and for seasons, and for days, and years:
";"Puis Dieu dit : Qu'il y ait des luminaires dans l'étendue des cieux, pour séparer la nuit d'avec le jour, et qui servent de signes pour les saisons, et pour les jours, et pour les années;
";"Und Gott sprach: Es werden Lichter an der Feste des Himmels, die da scheiden Tag und Nacht und geben Zeichen, Zeiten, Tage und Jahre
";"E disse Deus: haja luminares no firmamento do céu, para fazerem separação entre o dia e a noite; sejam eles para sinais e para estações, e para dias e anos;
";"I rzekł Bóg: Niech będą światła na rozpostarciu niebieskim, ku rozdzielaniu dnia od nocy, a niech będą na znaki, i pewne czasy, i dni, i lata.
";"Tad Dievs sacīja: ""Lai top spīdekļi debess velvē, lai šķirtu dienu no nakts, un tie lai ir par zīmēm un laikiem, un dienām, un gadiem,
";"En God zeide: Dat er lichten zijn in het uitspansel des hemels, om scheiding te maken tussen den dag en tussen den nacht; en dat zij zijn tot tekenen en tot gezette tijden, en tot dagen en jaren!
";"Dievas tarė: “Teatsiranda šviesos dangaus tvirtumoje dienai nuo nakties atskirti ir tebūna jos ženklai pažymėti laikus, dienas ir metus.
";"Och Gud sade: »Varde på himmelens fäste ljus som skilja dagen från natten, och vare de till tecken och till att utmärka särskilda tider, dagar och år,
";"Poi Dio disse: ""Sianvi de’ luminari nella distesa dei cieli per separare il giorno dalla notte; e siano dei segni e per le stagioni e per i giorni e per gli anni;
";"I rece Bog: ""Neka budu svjetlila na svodu nebeskom da luce dan od noci, da budu znaci blagdanima, danima i godinama,
"
"y sean por luminarias en el extendimiento de los cielos para alumbrar sobre la tierra; y fue así.
";"og tjene som Lys paa Himmelhvælvingen til at lyse paa Jorden!« Og saaledes sket det:
";"og þau skulu vera ljósgjafar á festingu himins til þess að bera jörðinni birtu.“ Og það varð svo.
";"olgu nad valgusteks taevalaotuses, valgustuseks maale!” Ja nõnda sündis:
";"ja olkoot valoina taivaanvahvuudella paistamassa maan päälle"". Ja tapahtui niin:
";"Og de skal være til lys på himmelhvelvingen, til å lyse over jorden. Og det blev så. 
";"A aby svítila na obloze nebeské, a osvěcovala zemi. A stalo se tak.
";"şi să slujească de luminători în întinderea cerului, ca să lumineze pămîntul. Şi aşa a fost.
";"dhe të shërbejnë si ndriçues në kupën qiellore për të ndriçuar tokën"". Dhe kështu u bë.
";"And let them be for lights in the firmament of the heaven to give light upon the earth: and it was so.
";"Et qui soient pour luminaires dans l'étendue des cieux, afin d'éclairer la terre; et il fut ainsi.
";"und seien Lichter an der Feste des Himmels, daß sie scheinen auf Erden. Und es geschah also.
";"e sirvam de luminares no firmamento do céu, para alumiar a terra. E assim foi.
";"I niech będą za światła na rozpostarciu nieba, aby świeciły nad ziemią; i stało się tak.
";"un tie lai ir par spīdekļiem debess velvē gaismot pār zemi."" Un tā tapa.
";"En dat zij zijn tot lichten in het uitspansel des hemels, om licht te geven op de aarde! En het was alzo.
";"Jos težiba dangaus tvirtumoje ir apšviečia žemę!” Ir taip įvyko.
";"och vare de på himmelens fäste till ljus som lysa över jorden.» Och det skedde så;
";"e servano da luminari nella distesa dei cieli per dar luce alla terra"". E così fu.
";"i neka svijetle na svodu nebeskom i rasvjetljuju zemlju!"" I bi tako.
"
"E hizo Dios las dos luminarias grandes; la luminaria grande para que señorease en el día, y la luminaria pequeña para que señorease en la noche, y las estrellas.
";"Gud gjorde de to store Lys, det største til at herske om Dagen, det mindste til at herske om Natten, og Stjernerne;
";"Guð gerði tvö stóru ljósin, stærra ljósið til að ráða degi og minna ljósið til að ráða nóttu, og einnig stjörnurnar.
";"Jumal tegi kaks suurt valgust: suurema valguse valitsema päeval ja väiksema valguse valitsema öösel, ning tähed.
";"Jumala teki kaksi suurta valoa, suuremman valon hallitsemaan päivää ja pienemmän valon hallitsemaan yötä, sekä tähdet.
";"Og Gud gjorde de to store lys, det største til å råde om dagen og det mindre til å råde om natten, og stjernene. 
";"I učinil Bůh dvě světla veliká, světlo větší, aby správu drželo nade dnem, a světlo menší, aby správu drželo nad nocí; též i hvězdy.
";"Dumnezeu a făcut cei doi mari luminători, şi anume: luminătorul cel mai mare ca să stăpînească ziua, şi luminătorul cel mai mic ca să stăpînească noaptea; a făcut şi stelele.
";"Perëndia krijoi pastaj dy ndriçues të mëdhenj: ndriçuesin e madhë për qeverisjen e ditës dhe ndriçuesin e vogël për qeverisjen e natës; ai krijoi gjithashtu yjet.
";"And God made two great lights; the greater light to rule the day, and the lesser light to rule the night: he made the stars also.
";"Dieu donc fit deux grands luminaires, le plus grand luminaire pour dominer sur le jour, et le moindre pour dominer sur la nuit; il fit aussi les étoiles.
";"Und Gott machte zwei große Lichter: ein großes Licht, das den Tag regiere, und ein kleines Licht, das die Nacht regiere, dazu auch Sterne.
";"Deus, pois, fez os dois grandes luminares: o luminar maior para governar o dia, e o luminar menor para governar a noite; fez também as estrelas.
";"I uczynił Bóg dwa światła wielkie: światło większe, aby rządziło dzień, a światło mniejsze, aby rządziło noc, i gwiazdy.
";"Tad Dievs radīja divus lielus spīdekļus: lielāko spīdekli, lai valdītu dienu, un mazāko spīdekli, lai valdītu nakti, un zvaigznes radīja.
";"God dan maakte die twee grote lichten; dat grote licht tot heerschappij des daags, en dat kleine licht tot heerschappij des nachts; ook de sterren.
";"Dievas padarė dvi dideles šviesas: didesniąją­ dienai ir mažesniąją nakčiai valdyti, ir taip pat žvaigždes.
";"Gud gjorde de två stora ljusen, det större ljuset till att råda över dagen, och det mindre ljuset till att råda över natten, så ock stjärnorna.
";"E Dio fece i due grandi luminari: il luminare maggiore, per presiedere al giorno, e il luminare minore per presiedere alla notte; e fece pure le stelle.
";"I nacini Bog dva velika svjetlila - vece da vlada danom, manje da vlada nocu - i zvijezde.
"
"Y las puso Dios en el extendimiento de los cielos, para alumbrar sobre la tierra,
";"og Gud satte dem paa Himmelhvælvingen til at lyse paa Jorden
";"Og Guð setti þau á festingu himinsins til þess að bera jörðinni birtu
";"Ja Jumal pani need taevalaotusse, et nad valgustaksid maad
";"Ja Jumala pani ne taivaanvahvuuteen, paistamaan maan päälle
";"Og Gud satte dem på himmelhvelvingen til å lyse over jorden 
";"A postavil je Bůh na obloze nebeské, aby osvěcovala zemi;
";"Dumnezeu i -a aşezat în întinderea cerului, ca să lumineze pămîntul,
";"Dhe Perëndia i vendosi në kupën qiellore për të ndriçuar tokën,
";"And God set them in the firmament of the heaven to give light upon the earth,
";"Et Dieu les mit dans l'étendue des cieux pour éclairer la terre,
";"Und Gott setzte sie an die Feste des Himmels, daß sie schienen auf die Erde
";"E Deus os pôs no firmamento do céu para alumiar a terra,
";"I postawił je Bóg na rozpostarciu nieba, aby świeciły nad ziemią.
";"Un Dievs tos lika debess velvē, lai tie gaismotu pār zemi
";"En God stelde ze in het uitspansel des hemels, om licht te geven op de aarde.
";"Dievas išdėstė jas dangaus tvirtumoje, kad šviestų žemei,
";"Och Gud satte dem på himmelens fäste till att lysa över jorden,
";"E Dio li mise nella distesa dei cieli per dar luce alla terra,
";"I Bog ih postavi na svod nebeski da rasvjetljuju zemlju,
"
"y para señorear en el día y en la noche, y para apartar la luz y las tinieblas; y vio Dios que era bueno.
";"og til at herske over Dagen og Natten og til at skille Lyset fra Mørket. Og Gud saa, at det var godt.
";"og ráða degi og nóttu og til að greina ljós frá myrkri. Og Guð sá að það var gott.
";"ja valitseksid päeval ja öösel ja eraldaksid valguse pimedusest. Ja Jumal nägi, et see hea oli.
";"ja hallitsemaan päivää ja yötä ja erottamaan valon pimeästä. Ja Jumala näki, että se oli hyvä.
";"og til å råde om dagen og om natten og til å skille lyset fra mørket. Og Gud så at det var godt. 
";"A aby správu držela nade dnem a nocí, a oddělovala světlo od tmy. A viděl Bůh, že to bylo dobré.
";"să stăpînească ziua şi noaptea, şi să despartă lumina de întunerec. Dumnezeu a văzut că lucrul acesta era bun.
";"për të qeverisur ditën dhe natën dhe për ta ndarë dritën nga errësira. Dhe Perëndia e pa që kjo ishte mirë.
";"And to rule over the day and over the night, and to divide the light from the darkness: and God saw that it was good.
";"Et pour dominer sur le jour et sur la nuit, et pour séparer la lumière des ténèbres; et Dieu vit que cela était bon.
";"und den Tag und die Nacht regierten und schieden Licht und Finsternis. Und Gott sah, daß es gut war.
";"para governar o dia e a noite, e para fazer separação entre a luz e as trevas. E viu Deus que isso era bom.
";"I żeby rządziły dzień i noc, i czyniły rozdział między światłością, i między ciemnością; i widział Bóg, że to było dobre.
";"un valdītu dienā un naktī un lai šķirtu gaismu no tumsas. Un Dievs redzēja to labu esam.
";"En om te heersen op den dag, en in den nacht, en om scheiding te maken tussen het licht en tussen de duisternis. En God zag, dat het goed was.
";"valdytų dieną bei naktį ir atskirtų šviesą nuo tamsos. Ir Dievas matė, kad tai buvo gerai.
";"och till att råda över dagen och över natten, och till att skilja ljuset från mörkret. Och Gud såg att det var gott.
";"per presiedere al giorno e alla notte e separare la luce dalle tenebre. E Dio vide che questo era buono.
";"da vladaju danom i nocu i da rastavljaju svjetlost od tame. I vidje Bog da je dobro.
"
"Y fue la tarde y la mañana el día cuarto.
";"Og det blev Aften, og det blev Morgen, fjerde Dag.
";"Það varð kvöld og það varð morgunn, hinn fjórði dagur.
";"Siis sai õhtu ja sai hommik, — neljas päev.
";"Ja tuli ehtoo, ja tuli aamu, neljäs päivä.
";"Og det blev aften, og det blev morgen, fjerde dag. 
";"I byl večer a bylo jitro, den čtvrtý.
";"Astfel, a fost o seară, şi apoi a fost o dimineaţă: aceasta a fost ziua a patra.
";"Kështu erdhi mbrëmja dhe erdhi mëngjesi: dita e katërt.
";"And the evening and the morning were the fourth day.
";"Ainsi fut le soir, ainsi fut le matin; ce fut le quatrième jour.
";"Da ward aus Abend und Morgen der vierte Tag.
";"E foi a tarde e a manhã, o dia quarto.
";"I stał się wieczór, i stał się zaranek, dzień czwarty.
";"Un tapa vakars un tapa rīts - ceturtā diena.
";"Toen was het avond geweest, en het was morgen geweest, de vierde dag.
";"Tai buvo vakaras ir rytas­ ketvirtoji diena.
";"Och det vart afton, och det vart morgon, den fjärde dagen.
";"Così fu sera, poi fu mattina: e fu il quarto giorno.
";"Tako bude vecer, pa jutro - dan cetvrti.
"
"Y dijo Dios: Produzcan las aguas gran cantidad de criaturas de alma viviente, y aves que vuelen sobre la tierra, sobre la faz del extendimiento de los cielos.
";"Derpaa sagde Gud: »Vandet vrimle med en Vrimmel af levende Væsener, og Fugle flyve over Jorden oppe under Himmelhvælvingen!« Og saaledes skete det:
";"Þá sagði Guð: „Vötnin verði kvik af lífverum og fuglar fljúgi yfir jörðinni undir hvelfingu himins.“
";"Ja Jumal ütles: „Vesi kihagu elavaist olendeist, ja maa peal lennaku linnud taevalaotuse poole!”
";"Ja Jumala sanoi: ""Viliskööt vedet eläviä olentoja, ja lentäkööt linnut maan päällä, taivaanvahvuuden alla"".
";"Og Gud sa: Det vrimle av liv i vannet, og fugler flyve over jorden under himmelhvelvingen! 
";"Řekl ještě Bůh: Vydejte vody hmyz duše živé v hojnosti, a
";"Dumnezeu a zis: ,,Să mişune apele de vieţuitoare, şi să sboare păsări deasupra pămîntului pe întinderea cerului.
";"Pastaj Perëndia tha: ""Të mbushen ujërat nga një numër i madh qeniesh të gjalla dhe të fluturojnë zogjtë lart mbi tokë nëpër hapësirën e madhe të kupës qiellore"".
";"And God said, Let the waters bring forth abundantly the moving creature that hath life, and fowl that may fly above the earth in the open firmament of heaven.
";"Puis Dieu dit : Que les eaux produisent en toute abondance des reptiles qui aient vie; et qu'il y ait des oiseaux, qui volent sur la terre vers l'étendue des cieux.
";"Und Gott sprach: Es errege sich das Wasser mit webenden und lebendigen Tieren, und Gevögel fliege auf Erden unter der Feste des Himmels.
";"E disse Deus: Produzam as águas cardumes de seres viventes; e voem as aves acima da terra no firmamento do céu.
";"I rzekł Bóg: Niech hojnie wywiodą wody płaz duszy żywiącej; a ptactwo niech lata nad ziemią, pod rozpostarciem niebieskim.
";"Tad Dievs sacīja: ""Lai ūdeņos mudžēt mudž dzīvu radījumu pulki, un putni lai lido pār zemi, pār debess velvi.""
";"En God zeide: Dat de wateren overvloediglijk voortbrengen een gewemel van levende zielen; en het gevogelte vliege boven de aarde, in het uitspansel des hemels!
";"Dievas tarė: “Tegul vandenys knibždėte knibžda gyvūnais ir paukščiai teskraido virš žemės, padangėse!”
";"Och Gud sade: »Frambringe vattnet ett vimmel av levande varelser; flyge ock fåglar över jorden under himmelens fäste.»
";"Poi Dio disse: ""Producano le acque in abbondanza animali viventi, e volino degli uccelli sopra la terra per l’ampia distesa del cielo"".
";"I rece Bog: ""Nek' povrvi vodom vreva zivih stvorova, i ptice nek' polete nad zemljom, svodom nebeskim!"" I bi tako.
"
"Y creó Dios las grandes ballenas, y todo animal que respira, que las aguas produjeron según sus naturalezas, y toda ave de alas según su naturaleza; y vio Dios que era bueno.
";"Gud skabte de store Havdyr og den hele Vrimmel af levende Væsener, som Vandet vrimler med, efter deres Arter, og alle vingede Væsener efter deres Arter. Og Gud saa, at det var godt.
";"Og Guð skapaði hin stóru sjávardýr og alls kyns skepnur, sem lifa og hrærast og vötnin eru kvik af, og alla fleyga fugla eftir þeirra tegundum. Og Guð sá að það var gott.
";"Ja Jumal lõi suured mereloomad ja kõiksugu elavad olendid, kellest vesi kihab, nende liikide järgi, ja kõiksugu tiibadega linnud nende liikide järgi. Ja Jumal nägi, et see hea oli.
";"Ja Jumala loi suuret merieläimet ja kaikkinaiset liikkuvat, vesissä vilisevät elävät olennot, kunkin lajinsa mukaan, ja kaikkinaiset siivekkäät linnut, kunkin lajinsa mukaan. Ja Jumala näki, että se oli hyvä.
";"Og Gud skapte de store sjødyr og alt levende som rører sig, som det vrimler av i vannet, hvert efter sitt slag, og alle vingede fugler, hver efter sitt slag. Og Gud så at det var godt. 
";"I stvořil Bůh velryby veliké a všelijakou duši živou, hýbající se, kteroužto v hojnosti vydaly vody podlé pokolení jejich, a všeliké ptactvo křídla mající, podlé pokolení jeho. A viděl Bůh, že to bylo dobré.
";"Dumnezeu a făcut peştii cei mari şi toate vieţuitoarele cari se mişcă şi de cari mişună apele, după soiurile lor; a făcut şi orice pasăre înaripată după soiul ei. Dumnezeu a văzut că erau bune.
";"Kështu Perëndia krijoi kafshët e mëdha ujore dhe të gjitha gjallesat që lëvizin dhe që mbushin ujërat, secili simbas llojit të vet, e çdo shpend fluturues simbas llojit të vet. Dhe Perëndia e pa se kjo ishte mirë.
";"And God created great whales, and every living creature that moveth, which the waters brought forth abundantly, after their kind, and every winged fowl after his kind: and God saw that it was good.
";"Dieu donc créa les grandes baleines et tous les animaux se mouvant, lesquels les eaux produisirent en toute abondance, selon leur espèce; il créa aussi tout oiseau ayant des ailes, selon son espèce; et Dieu vit que cela était bon.
";"Und Gott schuf große Walfische und allerlei Getier, daß da lebt und webt, davon das Wasser sich erregte, ein jegliches nach seiner Art, und allerlei gefiedertes Gevögel, ein jegliches nach seiner Art. Und Gott sah, daß es gut war.
";"Criou, pois, Deus os monstros marinhos, e todos os seres viventes que se arrastavam, os quais as águas produziram abundantemente segundo as suas espécies; e toda ave que voa, segundo a sua espécie. E viu Deus que isso era bom.
";"I stworzył Bóg wieloryby wielkie, i wszelką duszę żywiącą płazającą się, którą hojnie wywiodły wody, według rodzaju ich; i wszelkie ptactwo skrzydlaste, według rodzaju ich; i widział Bóg, że to było dobre.
";"Un Dievs radīja lielus jūras zvērus un visus dzīvus radījumus, kas rāpo un pulkiem mudž ūdeņos, pēc to kārtas un ikvienu spārnainu putnu pēc savas kārtas. Un Dievs redzēja to labu esam.
";"En God schiep de grote walvissen, en alle levende wremelende ziel, welke de wateren overvloediglijk voortbrachten, naar haar aard; en alle gevleugeld gevogelte naar zijn aard. En God zag, dat het goed was.
";"Taip Dievas sutvėrė didelius jūros gyvūnus ir visus kitus gyvius, kurie atsirado iš vandens, ir visus paukščius pagal jų rūšį. Ir Dievas matė, kad tai buvo gerai.
";"Och Gud skapade de stora havsdjuren och hela det stim av levande varelser, som vattnet vimlar av, efter deras arter, så ock alla bevingade fåglar, efter deras arter. Och Gud såg att det var gott.
";"E Dio creò i grandi animali acquatici e tutti gli esseri viventi che si muovono, i quali le acque produssero in abbondanza secondo la loro specie, ed ogni volatilo secondo la sua specie. E Dio vide che questo era buono.
";"Stvori Bog morske grdosije i svakovrsne zive stvorove sto mile i vrve vodom i ptice krilate svake vrste. I vidje Bog da je dobro.
"
"Y Dios los bendijo diciendo: Fructificad y multiplicaos, y llenad las aguas en los mares, y las aves se multipliquen en la tierra.
";"Og Gud velsignede dem og sagde: »Bliv frugtbare og mangfoldige og opfyld Vandet i Havene, og Fuglene blive mangfoldige paa Jorden!«
";"Guð blessaði þau og sagði: „Frjóvgist og fjölgið ykkur og fyllið vötn sjávarins og fuglum fjölgi á jörðinni.“
";"Ja Jumal õnnistas neid ja ütles: „Olge viljakad ja teid saagu palju, täitke mere vesi, ja lindusid saagu palju maa peale!”
";"Ja Jumala siunasi ne sanoen: ""Olkaa hedelmälliset ja lisääntykää ja täyttäkää meren vedet, ja linnut lisääntykööt maan päällä"".
";"Og Gud velsignet dem og sa: Vær fruktbare og bli mange og opfyll vannet i havet, og fuglene skal bli tallrike på jorden! 
";"I požehnal jim Bůh, řka: Ploďtež se a množte se, a naplňte vody mořské; též ptactvo ať se rozmnožuje na zemi!
";"Dumnezeu le -a binecuvîntat, şi a zis: ,,Creşteţi, înmulţiţi-vă, şi umpleţi apele mărilor; să se înmulţească şi păsările pe pămînt.
";"Dhe Perëndia i bekoi duke thënë: ""Të jeni të frytshëm, shumëzoni dhe mbushni ujërat e deteve, e zogjtë të shumëzohen mbi tokë"".
";"And God blessed them, saying, Be fruitful, and multiply, and fill the waters in the seas, and let fowl multiply in the earth.
";"Et Dieu les bénit, en disant : Croissez et multipliez, et remplissez les eaux dans les mers, et que les oiseaux multiplient sur la terre.
";"Und Gott segnete sie und sprach: Seid fruchtbar und mehrt euch und erfüllt das Wasser im Meer; und das Gefieder mehre sich auf Erden.
";"Então Deus os abençoou, dizendo: Frutificai e multiplicai-vos, e enchei as águas dos mares; e multipliquem-se as aves sobre a terra.
";"Błogosławił im tedy Bóg, mówiąc: Rozradzajcie się, i rozmnażajcie się, a napełniajcie wody morskie; i ptactwo niech się rozmnaża na ziemi.
";"Un Dievs svētīja tos, sacīdams: ""Vaislojieties un vairojieties un piepildiet ūdeņus jūrā, un putni lai vairojas virs zemes.""
";"En God zegende ze, zeggende: Zijt vruchtbaar, en vermenigvuldigt, en vervult de wateren in de zeeën; en het gevogelte vermenigvuldige op de aarde!
";"Dievas juos palaimino, tardamas: “Būkite vaisingi, dauginkitės ir pripildykite vandenis jūrose, o paukščiai tepripildo žemę!”
";"Och Gud välsignade dem och sade: »Varen fruktsamma och föröken eder, och uppfyllen vattnet i haven; föröke sig ock fåglarna på jorden.»
";"E Dio li benedisse, dicendo: ""Crescete, moltiplicate, ed empite le acque dei mari, e moltiplichino gli uccelli sulla terra"".
";"I blagoslovi ih govoreci: ""Plodite se i mnozite i napunite vode morske! I ptice neka se namnoze na zemlji!""
"
"Y fue la tarde y la mañana el día quinto.
";"Og det blev Aften, og det blev Morgen, femte Dag.
";"Það varð kvöld og það varð morgunn, hinn fimmti dagur.
";"Siis sai õhtu ja sai hommik, — viies päev.
";"Ja tuli ehtoo, ja tuli aamu, viides päivä.
";"Og det blev aften, og det blev morgen, femte dag. 
";"I byl večer a bylo jitro, den pátý.
";"Astfel a fost o seară, şi apoi a fost o dimineaţă: aceasta a fost ziua a cincea.
";"Kështu erdhi mbrëmja dhe pastaj mëngjesi: dita e pestë.
";"And the evening and the morning were the fifth day.
";"Ainsi fut le soir, ainsi fut le matin; ce fut le cinquième jour.
";"Da ward aus Abend und Morgen der fünfte Tag.
";"E foi a tarde e a manhã, o dia quinto.
";"I stał się wieczór, i stał się zaranek, dzień piąty.
";"Un tapa vakars un tapa rīts - piektā diena.
";"Toen was het avond geweest, en het was morgen geweest, de vijfde dag.
";"Tai buvo vakaras ir rytas­ penktoji diena.
";"Och det vart afton, och det vart morgon, den femte dagen.
";"Così fu sera, poi fu mattina: e fu il quinto giorno.
";"Tako bude vecer, pa jutro - dan peti.
"
"Y dijo Dios: Produzca la tierra alma viviente según su naturaleza, bestias y serpientes, y animales de la tierra según su naturaleza; y fue así.
";"Derpaa sagde Gud: »Jorden frembringe levende Væsener efter deres Arter: Kvæg, Kryb og vildtlevende Dyr efter deres Arter!« Og saaledes skete det:
";"Þá sagði Guð: „Jörðin leiði fram lifandi skepnur, hverja eftir sinni tegund, búfé, skriðdýr og villidýr, hvert eftir sinni tegund.“ Og það varð svo.
";"Ja Jumal ütles: „Maa toogu esile elavad olendid nende liikide järgi, lojused ja roomajad ja metselajad nende liikide järgi!” Ja nõnda sündis:
";"Ja Jumala sanoi: ""Tuottakoon maa elävät olennot, kunkin lajinsa mukaan, karjaeläimet ja matelijat ja metsäeläimet, kunkin lajinsa mukaan"". Ja tapahtui niin:
";"Og Gud sa: Jorden la fremgå levende vesener, hvert efter sitt slag, fe, kryp og ville dyr, hvert efter sitt slag! Og det blev så. 
";"Řekl též Bůh: Vydej země duši živou, jednu každou podlé pokolení jejího, hovada a zeměplazy, i zvěř zemskou, podlé pokolení jejího. A stalo se tak.
";"Dumnezeu a zis: ,,Să dea pămîntul vieţuitoare după soiul lor, vite, tîrîtoare şi fiare pămînteşti, după soiul lor. Şi aşa a fost.
";"Pastaj Perëndia tha: ""Të prodhojë toka qenie të gjalla sipas llojit të tyre: kafshë, rrëshqanorë dhe bisha të tokës, simbas llojit të tyre"". Dhe kështu u bë.
";"And God said, Let the earth bring forth the living creature after his kind, cattle, and creeping thing, and beast of the earth after his kind: and it was so.
";"Puis Dieu dit : Que la terre produise des animaux selon leur espèce, le bétail, les reptiles, et les bêtes de la terre selon leur espèce; et il fut ainsi.
";"Und Gott sprach: Die Erde bringe hervor lebendige Tiere, ein jegliches nach seiner Art: Vieh, Gewürm und Tiere auf Erden, ein jegliches nach seiner Art. Und es geschah also.
";"E disse Deus: Produza a terra seres viventes segundo as suas espécies: animais domésticos, répteis, e animais selvagens segundo as suas espécies. E assim foi.
";"Rzekł też Bóg: Niech wyda ziemia duszę żywiącą według rodzaju swego; bydło i płaz, i zwierz ziemski, według rodzaju swego; i stało się tak.
";"Tad Dievs sacīja: ""Lai zeme izdod dzīvus radījumus pēc viņu kārtas, lopus, rāpuļus un zemes zvērus pēc viņu kārtas."" Un tā tapa.
";"En God zeide: De aarde brenge levende zielen voort, naar haar aard, vee, en kruipend, en wild gedierte der aarde, naar zijn aard! En het was alzo.
";"Dievas tarė: “Tegul žemė išaugina gyvūnus pagal jų rūšį: gyvulius, roplius ir laukinius žvėris, kiekvieną pagal savo rūšį!” Ir taip įvyko.
";"Och Gud sade: »Frambringe jorden levande varelser, efter deras arter, boskapsdjur och kräldjur och vilda djur, efter deras arter.» Och det skedde så;
";"Poi Dio disse: ""Produca la terra animali viventi secondo la loro specie: bestiame, rettili e animali selvatici della terra, secondo la loro specie"". E così fu.
";"I rece Bog: ""Neka zemlja izvede ziva bica, svako prema svojoj vrsti: stoku, gmizavce i zvjerad svake vrste!"" I bi tako.
"
"E hizo Dios animales de la tierra según su naturaleza, y bestias según su naturaleza, y todas las serpientes de la tierra según su naturaleza; y vio Dios que era bueno.
";"Gud gjorde de vildtlevende Dyr efter deres Arter, Kvæget efter dets Arter og alt Jordens Kryb efter dets Arter. Og Gud saa, at det var godt.
";"Guð gerði villidýrin, hvert eftir sinni tegund, búfé eftir sinni tegund og hvers konar skriðdýr jarðarinnar eftir sinni tegund. Og Guð sá að það var gott.
";"Jumal tegi metselajad nende liikide järgi, ja lojused nende liikide järgi, ja kõik roomajad maa peal nende liikide järgi. Ja Jumal nägi, et see hea oli.
";"Jumala teki metsäeläimet, kunkin lajinsa mukaan, ja karjaeläimet, kunkin lajinsa mukaan, ja kaikki maan matelijat, kunkin lajinsa mukaan. Ja Jumala näki, että se oli hyvä.
";"Og Gud gjorde de ville dyr, hvert efter sitt slag, og feet efter sitt slag og alt jordens kryp, hvert efter sitt slag. Og Gud så at det var godt. 
";"I učinil Bůh zvěř zemskou podlé pokolení jejího, též hovada vedlé pokolení jejich, i všeliký zeměplaz podlé pokolení jeho. A viděl Bůh, že bylo dobré.
";"Dumnezeu a făcut fiarele pămîntului după soiul lor, vitele după soiul lor şi toate tîrîtoarele pămîntului după soiul lor. Dumnezeu a văzut că erau bune.
";"Dhe Perëndia bëri egërsirat e tokës sipas llojit të tyre, kafshët simbas llojit të tyre dhe të gjithë rrëshqanorët e tokës simbas llojit të tyre. Dhe Perëndia e pa që kjo ishte mirë.
";"And God made the beast of the earth after his kind, and cattle after their kind, and every thing that creepeth upon the earth after his kind: and God saw that it was good.
";"Dieu donc fit les bêtes de la terre selon leur espèce, et le bétail selon son espèce, et les reptiles de la terre selon leur espèce; et Dieu vit que cela était bon.
";"Und Gott machte die Tiere auf Erden, ein jegliches nach seiner Art, und das Vieh nach seiner Art, und allerlei Gewürm auf Erden nach seiner Art. Und Gott sah, daß es gut war.
";"Deus, pois, fez os animais selvagens segundo as suas espécies, e os animais domésticos segundo as suas espécies, e todos os répteis da terra segundo as suas espécies. E viu Deus que isso era bom.
";"Uczynił tedy Bóg zwierz ziemski według rodzaju swego; i bydło według rodzaju swego; i wszelki płaz ziemski według rodzaju swego; i widział Bóg, że to było dobre.
";"Un Dievs radīja zemes zvērus pēc viņu kārtas un lopus pēc viņu kārtas, un visus rāpuļus pēc viņu kārtas. Un Dievs redzēja to labu esam.
";"En God maakte het wild gedierte der aarde naar zijn aard, en het vee naar zijn aard, en al het kruipend gedierte des aardbodems naar zijn aard. En God zag, dat het goed was.
";"Dievas padarė laukinius žvėris, gyvulius ir visokius roplius, kiekvieną pagal jų rūšį. Ir Dievas matė, kad tai buvo gerai.
";"Gud gjorde de vilda djuren, efter deras arter, och boskapsdjuren, efter deras arter, och alla kräldjur på marken, efter deras arter. Och Gud såg att det var gott.
";"E Dio fece gli animali selvatici della terra, secondo le loro specie, il bestiame secondo le sue specie, e tutti i rettili della terra, secondo le loro specie. E Dio vide che questo era buono.
";"I stvori Bog svakovrsnu zvjerad, stoku i gmizavce svake vrste. I vidje Bog da je dobro.
"
"Y dijo Dios: Hagamos al hombre a nuestra imagen, conforme a nuestra semejanza; y señoree en los peces del mar, y en las aves de los cielos, y en las bestias, y en toda la tierra, y en toda serpiente que se anda arrastrando sobre la tierra.
";"Derpaa sagde Gud: »Lad os gøre Mennesker i vort Billede, saa de ligner os, til at herske over Havets Fisk og Himmelens Fugle, Kvæget og alle vildtlevende Dyr paa Jorden og alt Kryb, der kryber paa Jorden!«
";"Þá sagði Guð: „Vér viljum gera manninn eftir vorri mynd, líkan oss. Hann skal drottna yfir fiskum sjávarins, fuglum loftsins, búfénu, villidýrunum og allri jörðinni og öllum skriðdýrum sem skríða á jörðinni.“
";"Ja Jumal ütles: „Tehkem inimesed Oma näo järgi, meie sarnaseks, et nad valitseksid kalade üle meres, lindude üle taeva all, loomade üle ja kogu maa üle ja kõigi roomajate üle, kes maa peal roomavad!”,
";"Ja Jumala sanoi: ""Tehkäämme ihminen kuvaksemme, kaltaiseksemme; ja vallitkoot he meren kalat ja taivaan linnut ja karjaeläimet ja koko maan ja kaikki matelijat, jotka maassa matelevat"".
";"Og Gud sa: La oss gjøre mennesker i vårt billede, efter vår lignelse, og de skal råde over fiskene i havet og over fuglene under himmelen og over feet og over all jorden og over alt kryp som rører sig på jorden. 
";"Řekl opět Bůh: Učiňme člověka k obrazu našemu, podlé podobenství našeho, a ať panují nad rybami mořskými, a nad ptactvem nebeským, i nad hovady, a nade vší zemí, i nad všelikým zeměplazem hýbajícím se na zemi.
";"Apoi Dumnezeu a zis: ,,Să facem om după chipul Nostru, după asemănarea Noastră; el să stăpînească peste peştii mării, peste păsările cerului, peste vite, peste tot pămîntul şi peste toate tîrîtoarele cari se mişcă pe pămînt.
";"Pastaj Perëndia tha: ""Ta bëjmë njeriun sipas shëmbëlltyrës sonë dhe në ngjasim me ne, dhe të ushtrojë sundimin e tij mbi peshqit e detit, mbi zogjtë e qiellit, mbi kafshët e mbi gjithë tokën, mbi rrëshqanorët që zvarriten mbi dhe"".
";"And God said, Let us make man in our image, after our likeness: and let them have dominion over the fish of the sea, and over the fowl of the air, and over the cattle, and over all the earth, and over every creeping thing that creepeth upon the earth.
";"Puis Dieu dit : Faisons l'homme à notre image, selon notre ressemblance, et qu'il domine sur les poissons de la mer, et sur les oiseaux des cieux, et sur le bétail, et sur toute la terre, et sur tout reptile qui rampe sur la terre.
";"Und Gott sprach: Laßt uns Menschen machen, ein Bild, das uns gleich sei, die da herrschen über die Fische im Meer und über die Vögel unter dem Himmel und über das Vieh und über die ganze Erde und über alles Gewürm, das auf Erden kriecht.
";"E disse Deus: Façamos o homem à nossa imagem, conforme a nossa semelhança; domine ele sobre os peixes do mar, sobre as aves do céu, sobre os animais domésticos, e sobre toda a terra, e sobre todo réptil que se arrasta sobre a terra.
";"Zatem rzekł Bóg: Uczyńmy człowieka na wyobrażenie nasze, według podobieństwa naszego; a niech panuje nad rybami morskimi, i nad ptactwem niebieskim, i nad zwierzęty, i nad wszystką ziemią, i nad wszelkim płazem, płazającym się po ziemi.
";"Tad Dievs sacīja: ""Darīsim cilvēku pēc mūsu tēla un pēc mūsu līdzības; tie lai valda pār zivīm jūrā un pār putniem gaisā, un pār lopiem, un pār visu zemi un visiem rāpuļiem, kas rāpo zemes virsū.""
";"En God zeide: Laat Ons mensen maken, naar Ons beeld, naar Onze gelijkenis; en dat zij heerschappij hebben over de vissen der zee, en over het gevogelte des hemels, en over het vee, en over de gehele aarde, en over al het kruipend gedierte, dat op de aarde kruipt.
";"Dievas tarė: “Padarykime žmogų pagal mūsų atvaizdą ir panašumą. Jie tevaldo jūros žuvis, padangių paukščius, gyvulius ir visą žemę bei visus roplius, kurie gyvena ant žemės!”
";"Och Gud sade: »Låt oss göra människor till vår avbild, till att vara oss lika; och må de råda över fiskarna i havet och över fåglarna under himmelen och över boskapsdjuren och över hela jorden och över alla kräldjur som röra sig på jorden.»
";"Poi Dio disse: ""Facciamo l’uomo a nostra immagine e a nostra somiglianza, ed abbia dominio sui pesci del mare e sugli uccelli del cielo e sul bestiame e su tutta la terra e su tutti i rettili che strisciano sulla terra"".
";"I rece Bog: ""Nacinimo covjeka na svoju sliku, sebi slicna, da bude gospodar ribama morskim, pticama nebeskim i stoci - svoj zemlji - i svim gmizavcima sto puze po zemlji!""
"
"Y creó Dios al hombre a su imagen, a imagen de Dios lo creó; macho y hembra los creó.
";"Og Gud skabte Mennesket i sit Billede; i Guds Billede skabte han det, som Mand og Kvinde skabte han dem;
";"Og Guð skapaði manninn eftir sinni mynd. Hann skapaði hann eftir Guðs mynd. Hann skapaði þau karl og konu.
";"Ja Jumal lõi inimese Oma näo järgi, Jumala näo järgi lõi Ta tema, Ta lõi tema meheks ja naiseks!
";"Ja Jumala loi ihmisen omaksi kuvaksensa, Jumalan kuvaksi hän hänet loi; mieheksi ja naiseksi hän loi heidät.
";"Og Gud skapte mennesket i sitt billede, i Guds billede skapte han det; til mann og kvinne skapte han dem. 
";"I stvořil Bůh člověka k obrazu svému, k obrazu Božímu stvořil jej, muže a ženu stvořil je.
";"Dumnezeu a făcut pe om după chipul Său, l -a făcut după chipul lui Dumnezeu; parte bărbătească şi parte femeiască i -a făcut.
";"Kështu Perëndia krijoi njeriun simbas shëmbëlltyrës së vet, simbas shëmbëlltyrës së Perëndisë; Ai krijoi mashkullin e femrën.
";"So God created man in his own image, in the image of God created he him; male and female created he them.
";"Dieu donc créa l'homme à son image, il le créa à l'image de Dieu, il les créa mâle et femelle.
";"Und Gott schuf den Menschen ihm zum Bilde, zum Bilde Gottes schuf er ihn; und schuf sie einen Mann und ein Weib.
";"Criou, pois, Deus o homem à sua imagem; à imagem de Deus o criou; homem e mulher os criou.
";"Stworzył tedy Bóg człowieka na wyobrażenie swoje; na wyobrażenie Boże stworzył go; mężczyznę i niewiastę stworzył je.
";"Un Dievs radīja cilvēku pēc Sava tēla, pēc Dieva tēla Viņš to radīja, vīrieti un sievieti Viņš radīja.
";"En God schiep den mens naar Zijn beeld; naar het beeld van God schiep Hij hem; man en vrouw schiep Hij ze.
";"Ir Dievas sutvėrė žmogų pagal savo atvaizdą; pagal Dievo atvaizdą sutvėrė Jis jį; vyrą ir moterį sutvėrė Jis.
";"Och Gud skapade människan till sin avbild, till Guds avbild skapade han henne, till man och kvinna skapade han dem.
";"E Dio creò l’uomo a sua immagine; lo creò a immagine di Dio; li creò maschio e femmina.
";"Na svoju sliku stvori Bog covjeka, na sliku Bozju on ga stvori, musko i zensko stvori ih.
"
"Y los bendijo Dios; y les dijo Dios: Fructificad y multiplicaos, y llenad la tierra, y sojuzgadla, y señoread en los peces del mar, y en las aves de los cielos, y en todas las bestias que se mueven sobre la tierra.
";"og Gud velsignede dem, og Gud sagde til dem: »Bliv frugtbare og mangfoldige og opfyld Jorden, gør eder til Herre over den og hersk over Havets Fisk og Himmelens Fugle, Kvæget og alle vildtlevende Dyr, der rører sig paa Jorden!«
";"Guð blessaði þau. Og Guð sagði við þau: „Verið frjósöm, fjölgið ykkur og fyllið jörðina, gerið ykkur hana undirgefna og ríkið yfir fiskum sjávarins og fuglum himinsins og öllum dýrum sem hrærast á jörðinni.“
";"Ja Jumal õnnistas neid, ja Jumal ütles neile: „Olge viljakad ja teid saagu palju, täitke maa ja alistage see enestele; ja valitsege kalade üle meres, lindude üle taeva all ja kõigi loomade üle, kes maa peal liiguvad!”
";"Ja Jumala siunasi heidät, ja Jumala sanoi heille: ""Olkaa hedelmälliset ja lisääntykää ja täyttäkää maa ja tehkää se itsellenne alamaiseksi; ja vallitkaa meren kalat ja taivaan linnut ja kaikki maan päällä liikkuvat eläimet"".
";"Og Gud velsignet dem og sa til dem: Vær fruktbare og bli mange og opfyll jorden og legg den under eder, og råd over fiskene i havet og over fuglene under himmelen og over hvert dyr som rører sig på jorden! 
";"A požehnal jim Bůh, a řekl jim Bůh: Ploďtež se a rozmnožujte se, a naplňte zemi, a podmaňte ji, a panujte nad rybami mořskými, a nad ptactvem nebeským, i nad všelikým živočichem hýbajícím se na zemi.
";"Dumnezeu i -a binecuvîntat, şi Dumnezeu le -a zis: ,,Creşteţi, înmulţiţi-vă, umpleţi pămîntul, şi supuneţi -l; şi stăpîniţi peste peştii mării, peste păsările cerului, şi peste orice vieţuitoare care se mişcă pe pămînt.
";"Dhe Perëndia i bekoi; dhe Perëndia u tha atyre: ""Të jeni të frytshëm dhe shumëzohuni, mbushni tokën e nënshtrojeni, e sundoni mbi peshqit e detit, mbi zogjtë e qiellit dhe mbi çdo qenie që lëviz mbi tokë"".
";"And God blessed them, and God said unto them, Be fruitful, and multiply, and replenish the earth, and subdue it: and have dominion over the fish of the sea, and over the fowl of the air, and over every living thing that moveth upon the earth.
";"Et Dieu les bénit, et leur dit : Croissez, et multipliez, et remplissez la terre; et l'assujettissez, et dominez sur les poissons de la mer, et sur les oiseaux des cieux, et sur toute bête qui se meut sur la terre.
";"Und Gott segnete sie und sprach zu ihnen: Seid fruchtbar und mehrt euch und füllt die Erde und macht sie euch untertan und herrscht über die Fische im Meer und über die Vögel unter dem Himmel und über alles Getier, das auf Erden kriecht.
";"Então Deus os abençoou e lhes disse: Frutificai e multiplicai-vos; enchei a terra e sujeitai-a; dominai sobre os peixes do mar, sobre as aves do céu e sobre todos os animais que se arrastam sobre a terra.
";"I błogosławił im Bóg, i rzekł do nich Bóg: Rozradzajcie się, i rozmnażajcie się, i napełniajcie ziemię; i czyńcie ją sobie poddaną; i panujcie nad rybami morskimi, i nad ptactwem niebieskim, i nad wszelkim zwierzem, który się rusza na ziemi.
";"Un Dievs tos svētīja un sacīja uz tiem: ""Augļojieties un vairojieties! Piepildiet zemi un pakļaujiet sev to, un valdiet pār zivīm jūrā un putniem gaisā, un katru dzīvu radījumu, kas rāpo pa zemi.""
";"En God zegende hen, en God zeide tot hen: Weest vruchtbaar, en vermenigvuldigt, en vervult de aarde, en onderwerpt haar, en hebt heerschappij over de vissen der zee, en over het gevogelte des hemels, en over al het gedierte, dat op de aarde kruipt!
";"Dievas juos palaimino ir tarė: “Būkite vaisingi ir dauginkitės, pripildykite žemę ir užvaldykite ją, viešpataukite jūros žuvims, padangių paukščiams ir kiekvienam gyvam padarui, kuris kruta ant žemės!”
";"Och Gud välsignade dem; Gud sade till dem: »Varen fruktsamma och föröken eder, och uppfyllen jorden och läggen den under eder; och råden över fiskarna i havet och över fåglarna under himmelen och över alla djur som röra sig på jorden.»
";"E Dio li benedisse; e Dio disse loro: ""Crescete e moltiplicate e riempite la terra, e rendetevela soggetta, e dominate sui pesci del mare e sugli uccelli del cielo e sopra ogni animale che si muove sulla terra"".
";"I blagoslovi ih Bog i rece im: ""Plodite se, i mnozite, i napunite zemlju, i sebi je podlozite! Vladajte ribama u moru i pticama u zraku i svim zivim stvorovima sto puze po zemlji!""
"
"Y dijo Dios: He aquí os he dado toda hierba que hace simiente, que está sobre la faz de toda la tierra; y todo árbol en que hay fruto de árbol que haga simiente, os serán para comer.
";"Gud sagde fremdeles: »Jeg giver eder alle Urter paa hele Jorden, som bærer Frø, og alle Træer, som bærer Frugt med Kærne; de skal være eder til Føde;
";"Og Guð sagði: „Nú gef ég ykkur allar sáðjurtir jarðarinnar og öll aldintré sem bera ávöxt með fræi. Þau skulu vera ykkur til fæðu. 
";"Ja Jumal ütles: „Vaata, Mina annan teile kõik seemet kandvad taimed kogu maal, ja kõik puud, mis kannavad vilja, milles nende seeme on; need olgu teile roaks.
";"Ja Jumala sanoi: ""Katso, minä annan teille kaikkinaiset siementä tekevät ruohot, joita kasvaa kaikkialla maan päällä, ja kaikki puut, joissa on siementä tekevä hedelmä; olkoot ne teille ravinnoksi.
";"Og Gud sa: Se, jeg gir eder alle urter som sår sig, alle som finnes på jorden, og alle trær med frukt som sår sig; de skal være til føde for eder. 
";"Řekl ještě Bůh: Aj, dal jsem vám všelikou bylinu, vydávající símě, kteráž jest na tváři vší země, a všeliké stromoví, (na němž jest ovoce stromu), nesoucí símě; to bude vám za pokrm.
";"Şi Dumnezeu a zis: ,,Iată că v'am dat orice iarbă care face sămînţă şi care este pe faţa întregului pămînt, şi orice pom, care are în el rod cu sămînţă: aceasta să fie hrana voastră.
";"Dhe Perëndia tha: ""Ja unë po ju jap çdo bar që lëshon farë mbi sipërfaqen e mbarë tokës dhe çdo pemë të ketë fruta që përmbajnë farë; kjo do t'ju shërbejë si ushqim.
";"And God said, Behold, I have given you every herb bearing seed, which is upon the face of all the earth, and every tree, in the which is the fruit of a tree yielding seed; to you it shall be for meat.
";"Et Dieu dit : Voici, je vous ai donné toute herbe portant semence qui est sur toute la terre, et tout arbre qui a en soi-même du fruit d'arbre portant semence, et cela vous sera pour nourriture.
";"Und Gott sprach: Seht da, ich habe euch gegeben allerlei Kraut, das sich besamt, auf der ganzen Erde und allerlei fruchtbare Bäume, die sich besamen, zu eurer Speise,
";"Disse-lhes mais: Eis que vos tenho dado todas as ervas que produzem semente, as quais se acham sobre a face de toda a terra, bem como todas as árvores em que há fruto que dê semente; ser-vos-ão para mantimento.
";"I rzekł Bóg: Oto dałem wam wszelkie ziele, wydawające z siebie nasienie, które jest na obliczu wszystkiej ziemi; i wszelkie drzewo, na którym jest owoc drzewa, wydawające z siebie nasienie, będzie wam ku pokarmowi.
";"Un Dievs sacīja: ""Redzi, Es jums esmu devis visus augus, kas nes sēklu, kas vien ir zemes virsū, un visus kokus, kas augļus nes, kam sēkla sevī; tie lai jums būtu par ēdamo.
";"En God zeide: Ziet, Ik heb ulieden al het zaadzaaiende kruid gegeven, dat op de ganse aarde is, en alle geboomte, in hetwelk zaadzaaiende boomvrucht is; het zij u tot spijze!
";"Dievas tarė: “Aš jums daviau įvairias žoles, turinčias sėklą, kurios auga žemės paviršiuje, ir visus medžius, kurių vaisius turi sėklą; jums tebūna tai maistas.
";"Och Gud sade: »Se, jag giver eder alla fröbärande örter på hela jorden och alla träd med fröbärande trädfrukt; detta skolen I hava till föda.
";"E Dio disse: ""Ecco, io vi do ogni erba che fa seme sulla superficie di tutta la terra, ed ogni albero fruttifero che fa seme; questo vi servirà di nutrimento.
";"I doda Bog: ""Evo, dajem vam sve bilje sto se sjemeni, po svoj zemlji, i sva stabla plodonosna sto u sebi nose svoje sjeme: neka vam budu za hranu!
"
"Y a toda bestia de la tierra, y a todas las aves de los cielos, y a todo lo que se mueve sobre la tierra, en que hay ánima viviente, toda verdura de hierba verde les será para comer; y fue así.
";"men alle Jordens Dyr og alle Himmelens Fugle og alt, hvad der kryber paa Jorden, og som har Livsaande, giver jeg alle grønne Urter til Føde.« Og saaledes skete det.
";"Og öllum dýrum jarðarinnar, öllum fuglum himinsins, öllum skriðdýrum jarðarinnar, öllu sem hefur lífsanda í sér, gef ég öll grös og jurtir til fæðu.“ Og það varð svo.
";"Ja kõigile loomadele maa peal ja kõikidele lindudele taeva all ja kõigile roomajaile maa peal, kelles on elav hing, annan Ma kõiksugu haljast rohtu toiduks!” Ja nõnda sündis.
";"Ja kaikille metsäeläimille ja kaikille taivaan linnuille ja kaikille, jotka maassa matelevat ja joissa on elävä henki, minä annan kaikkinaiset viheriät ruohot ravinnoksi"". Ja tapahtui niin.
";"Og alle dyr på jorden og alle fugler under himmelen og alt som rører sig på jorden, alt som det er livsånde i, gir jeg alle grønne urter å ete. Og det blev så. 
";"Všechněm pak živočichům zemským, i všemu ptactvu nebeskému, a všemu tomu, což se hýbe na zemi, v čemž jest duše živá, všelikou bylinu zelenou dal jsem ku pokrmu. I stalo se tak.
";"Iar tuturor fiarelor pămîntului, tuturor păsărilor cerului, şi tuturor vietăţilor cari se mişcă pe pămînt, cari au în ele o suflare de viaţă, le-am dat ca hrană toată iarba verde. Şi aşa a fost.
";"Dhe çdo kafshe të tokës, çdo zogu të qiellit dhe çdo gjëje që lëviz mbi tokë dhe ka në vetvete një frymë jete, unë i jap çdo bar të gjelbër si ushqim"". Dhe kështu u bë.
";"And to every beast of the earth, and to every fowl of the air, and to every thing that creepeth upon the earth, wherein there is life, I have given every green herb for meat: and it was so.
";"Mais j'ai donné à toutes les bêtes de la terre, et à tous les oiseaux des cieux et à toute chose qui se meut sur la terre, ayant vie en soi-même, toute herbe verte pour manger; et il fut ainsi.
";"und allem Getier auf Erden und allen Vögeln unter dem Himmel und allem Gewürm, das da lebt auf Erden, daß sie allerlei grünes Kraut essen. Und es geschah also.
";"E a todos os animais da terra, a todas as aves do céu e a todo ser vivente que se arrasta sobre a terra, tenho dado todas as ervas verdes como mantimento. E assim foi.
";"I wszelkiemu zwierzowi ziemskiemu, i wszystkiemu ptactwu niebieskiemu, i wszelkiej rzeczy ruszającej się na ziemi, w której jest dusza żywiąca; wszelka jarzyna ziela będzie ku pokarmowi; i stało się tak.
";"Bet visiem zemes zvēriem un visiem putniem gaisā, un visiem rāpuļiem, kas rāpo pa zemes virsu, kam dzīvība, Es dodu visu zaļo zāli par barību."" Un tā tapa.
";"Maar aan al het gedierte der aarde, en aan al het gevogelte des hemels, en aan al het kruipende gedierte op de aarde, waarin een levende ziel is, heb Ik al het groene kruid tot spijze gegeven. En het was alzo.
";"Ir visiems žemės gyvūnams, visiems padangių paukščiams ir visiems, kas kruta ant žemės, kas turi gyvybę, daviau visus žaliuojančius augalus maistui”. Ir taip įvyko.
";"Men åt alla djur på jorden och åt alla fåglar under himmelen och åt allt som krälar på jorden, vad som i sig har en levande själ, åt dessa giver jag alla gröna örter till föda.» Och det skedde så.
";"E ad ogni animale della terra e ad ogni uccello dei cieli e a tutto ciò che si muove sulla terra ed ha in sé un soffio di vita, io do ogni erba verde per nutrimento"". E così fu.
";"A zvijerima na zemlji i pticama u zraku i gmizavcima sto puze po zemlji u kojima je dah zivota - neka je za hranu sve zeleno bilje!"" I bi tako.
"
"Y vio Dios todo lo que había hecho, y he aquí que era bueno en gran manera. Y fue la tarde y la mañana el día sexto.";"Og Gud saa alt, hvad han havde gjort, og se, det var saare godt. Og det blev Aften, og det blev Morgen, sjette Dag.";"Og Guð leit allt sem hann hafði gert, og sjá, það var harla gott. Og það varð kvöld og það varð morgunn, hinn sjötti dagur.";"Ja Jumal vaatas kõike, mis Ta oli teinud, ja vaata, see oli väga hea! Siis sai õhtu ja sai hommik, — kuues päev.";"Ja Jumala katsoi kaikkea, mitä hän tehnyt oli, ja katso, se oli sangen hyvää. Ja tuli ehtoo, ja tuli aamu, kuudes päivä.";"Og Gud så på alt det han hadde gjort, og se, det var såre godt. Og det blev aften, og det blev morgen, sjette dag.";"A viděl Bůh vše, což učinil, a aj, bylo velmi dobré. I byl večer a bylo jitro, den šestý.";"Dumnezeu S'a uitat la tot ce făcuse; şi iată că erau foarte bune. Astfel a fost o seară, şi apoi a fost o dimineaţă: aceasta a fost ziua a şasea.";"Atëherë Perëndia shikoi të gjitha ato që kishte bërë, dhe ja, ishte shumë mirë. Kështu erdhi mbrëmja dhe pastaj erdhi mëngjesi: dita e gjashtë.";"And God saw every thing that he had made, and, behold, it was very good. And the evening and the morning were the sixth day.";"Et Dieu vit tout ce qu'il avait fait, et voilà il était très-bon; ainsi fut le soir, ainsi fut le matin; ce fut le sixième jour.";"Und Gott sah alles an, was er gemacht hatte; und siehe da, es war sehr gut. Da ward aus Abend und Morgen der sechste Tag.";"E viu Deus tudo quanto fizera, e eis que era muito bom. E foi a tarde e a manhã, o dia sexto.";"I widział Bóg wszystko, co uczynił, a oto było bardzo dobre; i stał się wieczór, i stał się zaranek, dzień szósty.";"Un Dievs uzlūkoja visu, ko Viņš bija darījis, un redzi, tas bija ļoti labs. Un tapa vakars un tapa rīts - sestā diena.";"En God zag al wat Hij gemaakt had, en ziet, het was zeer goed. Toen was het avond geweest, en het was morgen geweest, de zesde dag.";"Dievas matė visa, ką buvo padaręs, ir tai buvo labai gerai. Buvo vakaras ir rytas­ šeštoji diena. ";"Och Gud såg på allt som han hade gjort, och se, det var mycket gott. Och det vart afton, och det vart morgon, den sjätte dagen.
";"E Dio vide tutto quello che aveva fatto, ed ecco, era molto buono. Così fu sera, poi fu mattina: e fu il sesto giorno.";"I vidje Bog sve sto je ucinio, i bijase veoma dobro. Tako bude vecer, pa jutro - dan sesti."
